{"batch size": 51000, "mini-batch size": 1, "learning rate": 0.0005, "total time": 70.9177417755127, "validation accuracy": 0.9737777777777777, "train accuracy": 0.9749607843137255}