{"batch size": 51000, "mini-batch size": 100, "learning rate": 0.01, "total time": 190.9675681591034, "validation accuracy": 0.9715555555555555, "train accuracy": 0.9698823529411764}